movieId,mean_rating,rating_count
1.0,3.9153548387096775,3875
2.0,3.202873563218391,1740
3.0,3.2090729783037477,1014
5.0,3.0615384615384613,975
6.0,3.770855904658722,1846
7.0,3.382936507936508,1008
10.0,3.4255803368229403,2197
11.0,3.6559139784946235,1395
14.0,3.3568627450980393,510
16.0,3.7891156462585034,1323
17.0,3.9514018691588784,1605
18.0,3.346987951807229,415
19.0,2.6267605633802815,1704
21.0,3.5987020010816657,1849
22.0,3.3053333333333335,750
24.0,3.249185667752443,614
25.0,3.694103194103194,1628
29.0,3.9761146496815285,628
31.0,3.278600269179004,743
32.0,3.8812642369020502,3512
34.0,3.630278884462151,2510
36.0,3.90632603406326,1644
39.0,3.4360523665659617,1986
44.0,2.6461159062885327,811
45.0,3.3716814159292037,678
47.0,4.003571428571429,3360
48.0,2.991062562065541,1007
50.0,4.263829787234043,3525
52.0,3.5739247311827955,744
58.0,3.8983833718244805,866
60.0,3.1673306772908365,502
62.0,3.7811470006591956,1517
70.0,3.323651452282158,964
79.0,3.1633663366336635,404
95.0,3.1059640995946727,1727
104.0,3.476086956521739,1380
105.0,3.3610062893081762,795
107.0,3.2403846153846154,520
110.0,4.038926499032882,4136
111.0,4.074894514767933,1896
112.0,3.4134199134199132,924
135.0,2.944223107569721,502
140.0,3.3405994550408717,367
141.0,3.5116959064327484,1710
145.0,3.2584615384615385,975
150.0,3.8496782496782496,3885
151.0,3.5350785340314137,955
153.0,2.912781350482315,2488
158.0,2.9331983805668016,988
160.0,2.5820770519262983,1194
161.0,3.7756714060031595,1899
162.0,4.017897091722595,447
163.0,3.486388384754991,1102
165.0,3.5188427864484204,2627
168.0,3.0996884735202492,963
170.0,3.207062600321027,623
172.0,2.7975460122699385,978
173.0,2.563380281690141,1136
180.0,3.5915279878971256,661
185.0,3.1046875,1920
186.0,2.91046511627907,860
193.0,2.281569965870307,586
194.0,3.8694638694638694,429
196.0,2.893467336683417,995
198.0,3.44011544011544,693
203.0,3.162583518930958,449
204.0,2.977777777777778,675
207.0,3.3812785388127855,438
208.0,2.870846981750117,2137
215.0,3.8166259168704157,409
216.0,3.27866473149492,689
222.0,3.5245901639344264,427
223.0,3.8370091447014523,1859
224.0,3.5206847360912983,701
225.0,3.2507433102081267,1009
230.0,3.6052173913043477,575
231.0,2.97242497972425,2466
232.0,4.018518518518518,486
235.0,3.669047619047619,1260
236.0,3.3244397011739593,937
237.0,3.144628099173554,484
246.0,4.028785982478098,799
247.0,3.846801346801347,594
252.0,3.223938223938224,777
253.0,3.5058602906704173,2133
256.0,2.7824324324324325,740
260.0,4.15751002122141,4241
261.0,3.6412776412776413,814
265.0,3.908296943231441,916
266.0,3.4540182270091133,1207
272.0,3.7644151565074133,607
273.0,3.1538461538461537,585
276.0,2.9741176470588235,425
277.0,3.4005847953216373,684
280.0,3.6725,400
282.0,3.349282296650718,836
288.0,3.222047244094488,1905
292.0,3.416054821341165,2043
293.0,4.024254674077817,1979
296.0,4.106120902027667,5277
300.0,3.645951035781544,1593
303.0,3.1194029850746268,536
306.0,4.081911262798635,586
307.0,3.9738675958188154,574
308.0,3.895631067961165,412
315.0,2.936094674556213,845
316.0,3.375811688311688,2464
317.0,3.160839160839161,1287
318.0,4.403654822335025,4925
319.0,3.731958762886598,582
327.0,2.779109589041096,584
329.0,3.3338034790785143,2127
333.0,3.3782816229116945,838
337.0,3.7556818181818183,1408
339.0,3.488838008013738,1747
342.0,3.5237543453070685,863
344.0,2.976643309976643,2997
345.0,3.615,800
348.0,3.6905132192846035,643
349.0,3.645489199491741,2361
350.0,3.4584745762711866,1180
353.0,3.5597243491577335,1306
355.0,2.4593908629441623,788
356.0,4.019643215073161,4989
357.0,3.653966831017481,2231
362.0,3.3824959481361425,617
364.0,3.7773817239144525,3086
367.0,3.167098925527973,2699
368.0,3.4136607828089027,1303
370.0,2.978082191780822,1095
372.0,3.2859424920127798,626
376.0,3.268528464017186,931
377.0,3.507411982705374,3238
379.0,2.8066825775656326,419
380.0,3.473838059047062,3421
382.0,3.0608272506082725,411
383.0,3.2225274725274726,364
410.0,3.0093708165997324,1494
413.0,2.8452138492871692,491
420.0,2.7580906148867315,1236
431.0,3.6992805755395683,695
432.0,2.725095785440613,1044
434.0,3.06172224987556,2009
435.0,2.5962059620596207,1107
440.0,3.611380985426787,1441
441.0,3.670157068062827,573
442.0,3.09339559706471,1499
454.0,3.4997473471450227,1979
455.0,2.607142857142857,672
457.0,3.9963235294117645,3808
466.0,2.9172154280338662,1063
468.0,3.368595041322314,605
471.0,3.673355629877369,897
474.0,3.7577639751552794,1449
475.0,3.9416553595658073,737
480.0,3.6766363242306026,4614
481.0,3.282191780821918,365
485.0,2.798521256931608,1082
491.0,3.3493975903614457,415
494.0,3.3993610223642174,939
497.0,3.9014869888475836,1076
500.0,3.4038820455393806,2679
508.0,3.7697201017811706,1572
509.0,3.6698412698412697,1260
515.0,3.912128712871287,808
520.0,3.136239782016349,1101
524.0,3.6097972972972974,592
527.0,4.293917147351862,3814
529.0,3.864618885096701,879
531.0,3.5883333333333334,600
532.0,3.051975051975052,481
535.0,3.6821345707656614,431
538.0,3.723404255319149,376
539.0,3.514864864864865,2220
541.0,4.103161397670549,2404
543.0,3.272240085744909,933
546.0,2.1569506726457397,446
551.0,3.7061021170610213,1606
552.0,3.223155929038282,1071
553.0,3.6799667497921864,1203
555.0,3.7868576242628476,1187
562.0,3.797008547008547,468
585.0,2.720779220779221,770
586.0,3.0944131658726723,2309
587.0,3.4403747870528107,2348
588.0,3.6675047140163417,3182
589.0,3.934893928310168,4101
590.0,3.727913120046962,3407
592.0,3.416901408450704,3550
593.0,4.155253958461855,4863
594.0,3.6324404761904763,1344
595.0,3.6567811934900543,2765
596.0,3.536,1000
597.0,3.4239335598338996,2649
608.0,4.099408284023669,3380
610.0,3.42215088282504,623
616.0,3.4285714285714284,588
628.0,3.734338747099768,862
637.0,2.831081081081081,444
647.0,3.62402496099844,641
648.0,3.4046242774566475,2941
653.0,3.2152380952380955,1050
661.0,3.300832342449465,841
671.0,3.6679462571976966,521
673.0,2.6814159292035398,791
708.0,3.4392678868552413,1202
719.0,2.9720767888307154,573
720.0,4.075409836065574,610
724.0,3.1104199066874028,643
733.0,3.680461599681655,2513
736.0,3.202993092862625,2606
741.0,3.9267399267399266,546
743.0,2.726899383983573,487
745.0,4.172561629153269,933
748.0,3.1373493975903615,415
750.0,4.195521572910978,1831
762.0,2.4121447028423773,774
778.0,4.001049868766404,1905
780.0,3.3927321668909824,3715
783.0,3.2829457364341086,774
784.0,2.75,1096
785.0,3.3514124293785312,885
786.0,3.1517295597484276,1272
788.0,2.892392049348869,1459
799.0,3.343157894736842,475
800.0,4.0979020979020975,572
802.0,3.493914807302231,986
805.0,3.731422505307856,942
830.0,3.127789046653144,493
832.0,3.466730038022814,1052
837.0,3.399014778325123,406
838.0,3.8524332810047097,637
849.0,2.7763578274760383,626
852.0,3.2475728155339807,824
858.0,4.288130185067007,3134
866.0,3.774891774891775,462
880.0,2.484581497797357,454
898.0,4.139846743295019,522
899.0,4.06826801517067,791
902.0,3.848101265822785,711
903.0,4.180555555555555,1080
904.0,4.227341389728097,1324
908.0,4.19203187250996,1255
909.0,4.11340206185567,388
910.0,4.098510882016036,873
912.0,4.223358449946178,1858
913.0,4.148188803512624,911
914.0,3.8848641655886156,773
915.0,3.8633093525179856,417
916.0,4.037444933920705,454
919.0,3.98393351800554,1805
920.0,3.831792975970425,1082
922.0,4.265917602996255,534
923.0,4.131054131054131,1404
924.0,3.96048024012006,1999
953.0,4.0509615384615385,1040
954.0,4.016826923076923,416
968.0,3.6165289256198347,605
969.0,4.072966507177034,836
994.0,4.055944055944056,429
1019.0,3.588477366255144,486
1020.0,3.2776699029126215,515
1022.0,3.541547277936963,698
1025.0,3.6,395
1027.0,3.3120805369127515,596
1028.0,3.7310774710596615,1123
1029.0,3.576056338028169,710
1032.0,3.63914373088685,654
1035.0,3.75139146567718,1078
1036.0,3.9183147033533965,2326
1037.0,2.701171875,512
1041.0,4.073170731707317,410
1042.0,3.4864,625
1047.0,3.475165562913907,604
1049.0,3.4047619047619047,420
1059.0,3.6178756476683938,772
1060.0,3.8102766798418974,759
1061.0,3.708092485549133,692
1073.0,3.710350955131053,2251
1077.0,3.7744510978043913,501
1079.0,3.8351577591757886,1553
1080.0,3.960122699386503,1630
1084.0,3.943243243243243,740
1086.0,4.009367681498829,427
1088.0,3.179696616102684,857
1089.0,4.07587460245343,2201
1090.0,3.903364969801553,1159
1091.0,2.80327868852459,427
1092.0,3.380047505938242,842
1093.0,3.414876033057851,605
1094.0,3.672575599582899,959
1095.0,3.8418708240534523,449
1097.0,3.760356174990321,2583
1100.0,2.8560411311053984,389
1101.0,3.5210084033613445,1547
1103.0,3.797560975609756,410
1104.0,3.982318271119843,509
1120.0,3.599393019726859,659
1125.0,3.610126582278481,395
1127.0,3.690423162583519,1347
1129.0,3.3815987933634992,663
1136.0,4.10384012539185,2552
1148.0,4.176039119804401,1227
1172.0,4.143654114365411,717
1175.0,3.911392405063291,553
1179.0,3.7484909456740443,497
1183.0,3.5979292493528905,1159
1185.0,3.853960396039604,404
1186.0,3.5729349736379614,569
1188.0,3.865051903114187,578
1193.0,4.191716481639625,2342
1196.0,4.165432098765432,3645
1197.0,4.187821273230526,2529
1198.0,4.173216444981862,3308
1199.0,3.981532779316713,1083
1200.0,4.007910656119125,2149
1201.0,4.097112860892389,1143
1203.0,4.123839009287925,969
1204.0,4.120758483033932,1002
1206.0,3.9413612565445026,1910
1207.0,4.135726795096322,1142
1208.0,4.099004424778761,1808
1210.0,4.004013914905004,3737
1212.0,4.211881188118812,505
1213.0,4.150584795321637,2052
1214.0,3.9995894909688015,2436
1215.0,3.7386363636363638,968
1219.0,4.0469068660774985,1471
1220.0,3.8520208604954367,1534
1221.0,4.249181860682562,2139
1222.0,4.025428740390302,1691
1223.0,4.059485530546624,622
1225.0,4.079355238685679,1613
1228.0,4.02805049088359,713
1230.0,4.073614557485525,1209
1231.0,3.891156462585034,588
1233.0,4.101518026565465,1054
1234.0,4.147656940760389,1131
1235.0,3.9210526315789473,608
1240.0,3.9192757450018862,2651
1242.0,3.9667359667359667,962
1244.0,4.045531197301855,593
1245.0,3.9893617021276597,470
1246.0,3.8461538461538463,1638
1247.0,4.073684210526316,1330
1249.0,3.83943661971831,710
1250.0,4.0820353063343715,963
1252.0,4.184971098265896,1211
1253.0,3.979591836734694,490
1254.0,4.177927927927928,444
1256.0,4.1076233183856505,446
1257.0,3.875,440
1258.0,3.977571115973742,1828
1259.0,3.9987277353689565,1572
1261.0,3.848648648648649,555
1262.0,4.144417475728155,824
1263.0,4.007462686567164,804
1265.0,3.838148001582905,2527
1266.0,3.948509485094851,1107
1267.0,4.172876304023845,671
1269.0,4.056603773584905,530
1270.0,3.918885448916409,3230
1271.0,3.7701674277016743,657
1272.0,4.071312803889789,617
1274.0,3.8086956521739133,690
1275.0,3.574418604651163,860
1276.0,4.050233644859813,856
1278.0,4.002529510961214,1186
1282.0,3.7540106951871657,935
1284.0,4.263982102908278,447
1285.0,3.791812865497076,855
1287.0,3.858156028368794,705
1288.0,4.004122011541632,1213
1291.0,3.993125758188435,2473
1292.0,3.937625754527163,497
1293.0,3.968789013732834,801
1296.0,3.980879541108987,523
1298.0,3.668724279835391,486
1299.0,4.084427767354597,533
1302.0,3.6610878661087867,956
1304.0,4.009419152276295,1274
1307.0,3.8385020479812755,1709
1320.0,3.1175917215428033,1063
1321.0,3.569983136593592,593
1333.0,3.750830564784053,903
1339.0,3.48258064516129,775
1343.0,3.5405405405405403,703
1345.0,3.469172932330827,665
1347.0,3.3309859154929575,568
1350.0,3.605911330049261,406
1356.0,3.6607629427792916,1468
1357.0,3.9173989455184532,569
1358.0,3.972485768500949,1054
1367.0,3.1407185628742513,668
1370.0,3.4548440065681447,1218
1371.0,3.12109375,768
1372.0,3.3751465416178195,853
1373.0,2.8557046979865772,596
1374.0,3.7084318360914104,1269
1375.0,3.2475728155339807,824
1376.0,3.492,1000
1377.0,3.1162079510703364,981
1378.0,3.302857142857143,525
1380.0,3.3418367346938775,1176
1385.0,3.2,475
1387.0,3.81864406779661,1770
1391.0,2.973684210526316,1330
1393.0,3.6311569301260023,1746
1394.0,3.914593698175788,1206
1396.0,3.651564185544768,927
1405.0,2.944954128440367,654
1407.0,3.3336006415396953,1247
1408.0,3.734611503531786,991
1409.0,3.0923423423423424,444
1411.0,3.773784355179704,473
1438.0,2.8207343412526997,463
1441.0,3.5361702127659576,470
1449.0,3.8946236559139784,465
1466.0,3.803407601572739,763
1476.0,3.40632603406326,411
1479.0,3.152428810720268,597
1485.0,3.233258088788563,1329
1499.0,2.0596026490066226,96345
1500.0,3.7724329324699353,1081
1513.0,2.9901153212520595,607
1517.0,3.501124859392576,1778
1527.0,3.7236414305620067,2153
1544.0,2.9643463497453313,1178
1552.0,3.214154411764706,1088
1556.0,1.919431279620853,96345
1562.0,2.2425149700598803,668
1569.0,3.2958333333333334,720
1573.0,3.3324118866620593,1447
1580.0,3.565728535803349,2807
1584.0,3.6434558349451964,1551
1586.0,2.9751908396946565,524
1587.0,3.2676579925650557,538
1589.0,3.2908163265306123,392
1590.0,3.0318091451292246,503
1591.0,2.657831325301205,415
1597.0,3.3639947437582127,761
1608.0,3.298604651162791,1075
1610.0,3.8550724637681157,1656
1617.0,4.059376546264225,2021
1625.0,3.8354324097397146,1191
1635.0,3.796728971962617,428
1639.0,3.641399416909621,1029
1641.0,3.770066889632107,1196
1644.0,2.554973821989529,573
1645.0,3.4516129032258065,868
1653.0,3.7655807365439093,1412
1663.0,3.7098865478119936,617
1673.0,3.677233429394813,1041
1674.0,3.888888888888889,837
1676.0,3.2910140148392415,1213
1680.0,3.6103646833013436,521
1682.0,3.82624867162593,1882
1690.0,3.008130081300813,861
1704.0,4.016267510167194,2213
1717.0,2.7905138339920947,506
1721.0,3.3703112529928174,2506
1722.0,3.2660944206008584,932
1729.0,3.6901408450704225,923
1732.0,3.9231234866828086,1652
1747.0,3.5049751243781095,804
1748.0,3.792194092827004,948
1777.0,3.4178403755868545,1065
1779.0,2.875,448
1784.0,3.783895796329189,1689
1801.0,3.0789473684210527,456
1805.0,3.2597623089983023,589
1831.0,2.5983050847457627,590
1876.0,2.9474248927038627,932
1882.0,2.4290718038528896,571
1883.0,3.437037037037037,405
1884.0,3.7219662058371736,651
1907.0,3.6395939086294415,591
1909.0,3.3550802139037432,935
1911.0,2.6913123844731976,541
1912.0,3.6927710843373496,664
1917.0,2.9901356350184956,1622
1918.0,3.099540581929556,653
1921.0,3.7215363511659807,729
1923.0,3.6090861067089275,1893
1945.0,4.123595505617978,445
1947.0,3.8515497553017943,613
1952.0,4.007722007722008,518
1953.0,4.0222551928783385,674
1954.0,3.7120555073720727,1153
1957.0,3.75968992248062,516
1958.0,3.713527851458886,377
1960.0,3.922509225092251,542
1961.0,3.907477138246369,1859
1962.0,3.7979197622585437,673
1965.0,3.728110599078341,434
1967.0,3.6414814814814815,675
1968.0,3.8298129149064573,1657
1982.0,3.676706827309237,498
1994.0,3.465924895688456,719
1997.0,3.7659980897803247,1047
2000.0,3.715435259692758,1367
2001.0,3.3235004916420845,1017
2002.0,3.221732745961821,681
2003.0,3.305895439377086,899
2005.0,3.6718938480096504,829
2006.0,3.315992292870906,1038
2010.0,4.08843537414966,441
2011.0,3.5208471211118466,1511
2012.0,3.2640750670241285,1492
2013.0,3.407058823529412,425
2018.0,3.623818525519849,529
2019.0,4.260960334029227,958
2020.0,3.9215017064846416,586
2021.0,3.241473396998636,733
2023.0,3.4325637910085054,823
2028.0,4.045439131909122,2949
2046.0,3.5586034912718203,401
2054.0,2.7225296442687745,1265
2058.0,3.58187134502924,684
2064.0,3.9567474048442905,578
2067.0,3.977225672877847,483
2076.0,3.8583218707015132,727
2078.0,3.6381766381766383,702
2080.0,3.6288659793814433,776
2081.0,3.5082824760244113,1147
2085.0,3.468599033816425,621
2087.0,3.524163568773234,538
2094.0,3.0481481481481483,540
2096.0,3.5368852459016393,488
2100.0,3.2660753880266076,902
2105.0,3.345864661654135,798
2108.0,3.6284046692607004,514
2109.0,3.6306818181818183,528
2115.0,3.723826714801444,1662
2116.0,3.186046511627907,430
2124.0,3.2180579216354346,587
2125.0,3.6462264150943398,424
2134.0,3.375,424
2137.0,3.5720338983050848,472
2140.0,3.5669421487603308,605
2144.0,3.6276276276276276,666
2145.0,3.3785211267605635,568
2150.0,3.654320987654321,648
2160.0,3.7475728155339807,618
2161.0,3.483372921615202,842
2167.0,3.3396017699115044,904
2174.0,3.5168094924192483,1517
2186.0,4.146464646464646,396
2193.0,3.499323410013532,739
2194.0,3.9070331447049313,1237
2231.0,3.7148014440433212,554
2232.0,3.5481798715203428,467
2243.0,3.6601466992665035,409
2248.0,3.875,696
2268.0,3.8169354838709677,1240
2273.0,3.390625,768
2278.0,3.530848329048843,778
2288.0,3.7694566813509547,681
2289.0,3.922945205479452,584
2291.0,3.7203703703703703,1620
2294.0,3.3906633906633905,814
2300.0,3.88929889298893,542
2302.0,3.613452914798206,1115
2313.0,3.9688073394495413,545
2321.0,3.607142857142857,1064
2324.0,4.157030692362598,1401
2329.0,4.060187741579238,1811
2335.0,2.903755868544601,426
2336.0,3.9165446559297217,683
2340.0,3.2933673469387754,392
2352.0,3.691699604743083,506
2353.0,3.5279007971656333,1129
2355.0,3.6174289245982694,1618
2359.0,3.783938814531549,523
2366.0,3.6867469879518073,498
2369.0,3.0074074074074075,405
2371.0,3.4748858447488584,438
2378.0,2.979638009049774,442
2384.0,2.979899497487437,398
2391.0,3.772,500
2393.0,3.177293934681182,643
2394.0,3.426751592356688,471
2395.0,3.8897126969416127,1079
2396.0,3.833420639078051,1909
2403.0,3.581578947368421,380
2405.0,3.162280701754386,456
2406.0,3.5090735434574976,1047
2407.0,3.309612983770287,801
2409.0,3.201492537313433,402
2410.0,2.829842931937173,382
2420.0,3.370199692780338,651
2421.0,2.589583333333333,480
2423.0,3.613107822410148,473
2424.0,3.1670353982300883,904
2427.0,3.494607087827427,649
2428.0,2.832244008714597,459
2431.0,3.0829493087557602,434
2455.0,3.41,800
2467.0,3.87041564792176,409
2470.0,3.2061310782241015,946
2471.0,2.5473933649289098,422
2478.0,3.1490566037735848,530
2485.0,2.9663677130044843,446
2490.0,3.4426494345718903,619
2501.0,3.9056291390728477,604
2502.0,3.9216828478964403,1545
2528.0,3.4726775956284155,366
2529.0,3.6726190476190474,1008
2539.0,3.2859135285913528,717
2541.0,3.3730043541364294,689
2542.0,3.99915611814346,1185
2571.0,4.129812438302073,4052
2572.0,3.44004400440044,909
2580.0,3.6793893129770994,655
2581.0,3.1032608695652173,552
2599.0,3.758241758241758,1092
2600.0,3.3067632850241546,414
2605.0,3.1326219512195124,656
2616.0,2.742004264392324,469
2617.0,3.2116843702579665,1318
2628.0,3.0806174957118353,2332
2640.0,3.429184549356223,1165
2641.0,3.165016501650165,606
2657.0,3.3336510962821735,1049
2671.0,3.451741293532338,1005
2683.0,3.288431876606684,1945
2686.0,3.945887445887446,462
2687.0,3.4416873449131513,403
2688.0,3.124105011933174,419
2692.0,4.006706408345752,1342
2694.0,3.1294452347083928,703
2699.0,2.8226555246053855,1077
2700.0,3.648628613787991,1349
2701.0,2.3107142857142855,840
2706.0,3.3464696223316914,1827
2707.0,3.4726962457337884,586
2710.0,2.881953867028494,1474
2712.0,3.227272727272727,1188
2716.0,3.765704584040747,2356
2717.0,3.0601001669449084,599
2722.0,2.6979166666666665,576
2723.0,3.039344262295082,610
2724.0,2.8861538461538463,650
2728.0,3.830769230769231,390
2739.0,3.674943566591422,443
2746.0,3.3148450244698204,613
2761.0,3.8506401137980086,703
2762.0,4.043728813559322,2950
2763.0,3.506666666666667,900
2770.0,3.1497975708502026,741
2788.0,3.955456570155902,449
2791.0,3.790729379686435,1467
2795.0,3.8141176470588234,425
2797.0,3.6688102893890675,1555
2804.0,4.073028237585199,1027
2826.0,3.165151515151515,660
2858.0,4.121656600517688,3477
2871.0,3.766816143497758,669
2872.0,3.7161654135338344,532
2881.0,3.2131147540983607,610
2890.0,3.6022845275181723,963
2908.0,3.8415213946117275,631
2915.0,3.5495049504950495,606
2916.0,3.5663990117356392,1619
2918.0,3.9405496354458776,1783
2944.0,3.8672566371681416,565
2947.0,3.7861205915813425,879
2948.0,3.7450271247739604,553
2949.0,3.7037037037037037,540
2951.0,3.9653846153846155,520
2953.0,2.6459143968871595,514
2959.0,4.158097686375322,3112
2968.0,3.673559822747415,677
2985.0,3.3475499092558985,1102
2987.0,3.568250150330728,1663
2997.0,3.92246982358403,2154
3000.0,4.044270833333333,768
3005.0,3.3049504950495048,505
3006.0,3.9447674418604652,688
3020.0,3.5943204868154157,493
3033.0,3.438695163104612,889
3039.0,3.770341207349081,762
3052.0,3.6239737274220034,1218
3060.0,3.696103896103896,385
3072.0,3.653973509933775,604
3081.0,3.5623781676413255,1026
3082.0,3.1908177905308466,697
3087.0,3.509186351706037,381
3100.0,3.7379310344827585,435
3101.0,3.4424657534246577,730
3104.0,3.9209932279909707,443
3105.0,3.7704918032786887,488
3107.0,3.3247422680412373,582
3108.0,3.6101141924959217,613
3113.0,2.674129353233831,402
3114.0,3.851051401869159,1712
3147.0,3.9577039274924473,1655
3148.0,3.699130434782609,575
3160.0,3.8566666666666665,900
3168.0,3.7573696145124718,441
3174.0,3.5930807248764416,607
3175.0,3.585253456221198,1085
3176.0,3.5313688212927756,1052
3210.0,3.663265306122449,588
3247.0,3.039622641509434,530
3252.0,3.702846975088968,562
3253.0,3.505813953488372,1032
3254.0,2.9402985074626864,402
3255.0,3.5077922077922077,770
3256.0,3.6406926406926408,693
3257.0,2.7674897119341564,486
3263.0,3.1470588235294117,442
3273.0,2.52803738317757,428
3275.0,3.8971332209106238,593
3285.0,3.1161616161616164,396
3300.0,3.4034749034749034,518
3301.0,3.381818181818182,495
3317.0,3.7515030060120242,499
3354.0,2.660531697341513,489
3361.0,3.7895716945996276,537
3362.0,3.962328767123288,584
3363.0,3.8677966101694916,590
3386.0,3.6810207336523124,627
3396.0,3.7504761904761903,525
3408.0,3.615993665874901,1263
3409.0,3.1,400
3418.0,3.627659574468085,940
3421.0,3.8040089086859687,898
3424.0,3.814968814968815,481
3448.0,3.666283084004603,869
3450.0,3.3619489559164735,431
3471.0,3.803250641573995,1169
3481.0,3.812842599843383,1277
3489.0,3.168154761904762,672
3499.0,3.7361878453038675,724
3504.0,4.0225,400
3510.0,3.5383333333333336,600
3527.0,3.661751152073733,1085
3535.0,3.4936102236421727,626
3552.0,3.6390168970814134,651
3555.0,3.37243947858473,537
3556.0,3.700587084148728,511
3578.0,3.941198501872659,2670
3608.0,3.334075723830735,449
3617.0,3.1924460431654675,556
3623.0,2.9753492193919473,1217
3624.0,3.4136752136752135,585
3671.0,3.889400921658986,868
3683.0,3.9974747474747474,396
3697.0,2.8592233009708736,412
3698.0,3.2351816443594648,523
3702.0,3.56884561891516,719
3703.0,3.6020558002936856,681
3704.0,3.0789473684210527,418
3717.0,3.0726027397260274,730
3745.0,3.340229885057471,435
3751.0,3.6097372488408035,1294
3752.0,3.0084317032040473,593
3753.0,3.4892367906066535,1022
3755.0,3.0511756569847854,723
3785.0,2.8053097345132745,678
3793.0,3.6230291447682754,2093
3798.0,3.2004008016032066,499
3809.0,3.3887640449438203,445
3826.0,2.5148861646234675,571
3827.0,3.1387434554973823,382
3863.0,3.0486656200941917,637
3868.0,3.5768566493955096,579
3897.0,3.834788448623237,1489
3911.0,3.84375,800
3916.0,3.825503355704698,596
3948.0,3.430252100840336,1190
3949.0,3.991765782250686,1093
3967.0,3.845140032948929,607
3969.0,3.2114882506527413,383
3977.0,2.899427636958299,1223
3988.0,2.9220489977728286,449
3994.0,3.5137701804368473,1053
3996.0,3.8875062220009955,2009
4002.0,3.602310231023102,606
4011.0,4.0,1432
4014.0,3.719205298013245,755
4016.0,3.556043956043956,455
4018.0,3.181159420289855,690
4019.0,3.7463617463617465,481
4022.0,3.628608082103913,1559
4025.0,2.995923913043478,736
4027.0,3.924403183023873,1508
4034.0,3.8478618421052633,1216
4085.0,3.5885286783042396,802
4105.0,3.710762331838565,446
4128.0,3.6126126126126126,444
4148.0,3.1123388581952116,543
4223.0,3.667259786476868,562
4226.0,4.116504854368932,2369
4235.0,4.009090909090909,440
4239.0,3.691358024691358,567
4246.0,3.4516129032258065,899
4262.0,3.8997524752475248,808
4270.0,2.9147826086956523,575
4299.0,3.3120728929384966,439
4306.0,3.8044426814756047,2521
4308.0,3.5548022598870057,885
4310.0,2.8878504672897196,642
4321.0,3.3058608058608057,546
4344.0,3.0779510022271714,449
4361.0,3.702791461412151,609
4367.0,2.753899480069324,577
4369.0,2.9859402460456943,569
4370.0,3.244988864142539,898
4446.0,3.178,500
4447.0,3.2258566978193146,642
4571.0,3.41131498470948,654
4638.0,2.6471816283924845,479
4641.0,3.744874715261959,439
4643.0,2.778267254038179,681
4701.0,3.2146017699115044,452
4718.0,3.0611916264090175,621
4720.0,3.7290076335877864,786
4734.0,3.259259259259259,459
4776.0,3.7040650406504065,615
4816.0,3.2674825174825175,572
4848.0,3.8194070080862534,742
4855.0,3.850117096018735,427
4874.0,3.5153508771929824,456
4878.0,3.977146814404432,1444
4886.0,3.845002672367718,1871
4896.0,3.6419213973799125,1374
4901.0,3.640198511166253,403
4963.0,3.7843886462882095,1832
4973.0,4.126958400864398,1851
4975.0,3.4184952978056424,638
4979.0,3.7476635514018692,963
4993.0,4.07032819825854,2986
4995.0,3.930123311802701,1703
5010.0,3.6691449814126393,807
5013.0,3.631048387096774,496
5015.0,3.5476190476190474,378
5060.0,3.899168399168399,962
5064.0,3.8411458333333335,384
5218.0,3.664887940234792,937
5266.0,3.2654545454545456,550
5299.0,3.5018867924528303,795
5349.0,3.619618528610354,1835
5377.0,3.7009345794392523,749
5378.0,3.1068408916218293,1301
5388.0,3.522198731501057,473
5418.0,3.8885288399222295,1543
5445.0,3.689922480620155,1806
5459.0,2.936141304347826,736
5464.0,3.7127659574468086,658
5481.0,3.0104477611940297,670
5502.0,3.321090047393365,844
5618.0,4.11972522080471,1019
5630.0,3.604265402843602,422
5669.0,3.8,945
5673.0,3.605839416058394,411
5679.0,3.5217983651226157,734
5810.0,3.3475935828877006,374
5816.0,3.6314814814814813,1080
5872.0,3.2227488151658767,422
5902.0,3.8807854137447406,713
5903.0,3.7884615384615383,520
5945.0,3.4556354916067145,417
5952.0,4.070597362296354,2578
5956.0,3.473384030418251,526
5971.0,4.102974828375286,437
5989.0,3.8535211267605636,1420
5991.0,3.5938748335552595,751
5995.0,3.9813084112149535,856
6016.0,4.123572170301142,963
6188.0,3.596330275229358,436
6218.0,3.591651542649728,551
6281.0,3.3734335839599,399
6333.0,3.6990369181380416,1246
6365.0,3.3020030816640986,1298
6373.0,3.310991957104558,746
6377.0,3.8563885955649417,1894
6378.0,3.569169960474308,759
6502.0,3.757606490872211,986
6537.0,3.1931464174454827,642
6539.0,3.843505477308294,1917
6711.0,3.763542562338779,1163
6807.0,3.835311572700297,674
6863.0,3.5020297699594045,739
6870.0,3.8354037267080745,644
6874.0,3.8596997690531176,1732
6934.0,3.187159956474429,919
6942.0,3.7755725190839695,655
6947.0,3.688976377952756,508
6953.0,3.684647302904564,482
7090.0,3.804659498207885,558
7143.0,3.730769230769231,832
7147.0,3.8146997929606625,966
7153.0,4.078260869565217,2415
7254.0,3.674772036474164,658
7293.0,3.422174840085288,469
7361.0,4.0498583569405096,1765
7373.0,3.32183908045977,435
7438.0,3.829967426710098,1535
7458.0,3.3537549407114624,506
8360.0,3.56433007985803,1127
8361.0,3.1278825995807127,477
8368.0,3.760806916426513,1041
8376.0,3.484189723320158,506
8464.0,3.6828528072837634,659
8528.0,3.3423645320197046,406
8529.0,3.52289156626506,415
8622.0,3.6316590563165905,657
8636.0,3.543046357615894,1208
8641.0,3.5179856115107913,417
8644.0,3.4908616187989554,766
8665.0,3.870609981515712,1082
8784.0,3.8141843971631206,705
8798.0,3.725225225225225,666
8874.0,3.913502109704641,948
8949.0,3.779742765273312,622
8950.0,3.8374384236453203,406
8957.0,3.433408577878104,443
8961.0,3.898422712933754,1585
8970.0,3.7386569872958257,551
8984.0,3.3347732181425487,463
27773.0,3.982300884955752,452
30707.0,3.8201936376210237,723
30749.0,4.008875739644971,676
30793.0,3.4096774193548387,620
30810.0,3.667452830188679,424
30812.0,3.624708624708625,429
31658.0,3.985981308411215,428
32587.0,3.8257575757575757,1188
33004.0,3.3676148796498904,457
33166.0,3.812688821752266,662
33493.0,3.499484004127967,969
33679.0,3.248134328358209,536
33794.0,3.9491884262526464,1417
34048.0,3.2150101419878294,493
34162.0,3.6059027777777777,576
34405.0,3.9602763385146806,579
35836.0,3.60077519379845,774
36529.0,3.8267543859649122,456
38061.0,3.8478802992518704,401
39183.0,3.6674641148325358,418
40815.0,3.7991967871485945,747
40819.0,3.867735470941884,499
41566.0,3.5597269624573378,586
41569.0,3.3981900452488687,442
44191.0,3.9174630755864466,1151
44195.0,3.8627118644067795,590
44199.0,3.856492027334852,439
44555.0,4.159353348729792,433
44665.0,3.8904428904428903,429
45447.0,3.2060185185185186,432
45499.0,3.4331983805668016,494
45722.0,3.4625,720
46578.0,3.8796909492273732,906
46976.0,3.8256302521008405,476
47610.0,3.836190476190476,525
48385.0,3.5586319218241043,614
48394.0,3.988532110091743,872
48516.0,4.008833922261484,1132
48774.0,3.841160220994475,724
48780.0,4.015330188679245,848
49272.0,3.8514750762970498,983
49530.0,3.8853383458646618,532
50872.0,3.8577912254160363,661
51255.0,3.8788990825688074,545
51662.0,3.68208778173191,843
52973.0,3.6626506024096384,415
53125.0,3.3977011494252873,435
53996.0,3.412903225806452,465
54001.0,3.7775330396475773,454
54272.0,3.535279805352798,411
54286.0,3.9092039800995027,804
54503.0,3.7948717948717947,546
55765.0,3.848780487804878,410
55820.0,3.945362134688691,787
56174.0,3.5268595041322315,484
56367.0,3.8360248447204968,805
56782.0,3.896135265700483,414
58559.0,4.152409638554217,1660
59315.0,3.871212121212121,924
60069.0,3.9338842975206614,968
60684.0,3.721518987341772,395
63082.0,3.868766404199475,762
64614.0,3.962962962962963,513
68157.0,3.937238493723849,717
68358.0,3.944267515923567,628
68954.0,3.978007761966365,773
69122.0,3.789473684210526,608
69757.0,3.822125813449024,461
70286.0,3.832797427652733,622
71535.0,3.8255528255528257,407
72998.0,3.719844357976654,771
73017.0,3.7510822510822512,462
74458.0,3.863109048723898,431
78499.0,3.9256017505470457,457
79132.0,4.054005400540054,1111
80463.0,3.8804878048780487,410
81591.0,3.8502304147465436,434
81845.0,3.985542168674699,415
